run_name,lr,batch_size,base_filters,accuracy,precision,recall,f1,roc_auc
run_lr1em03_bs16_bf16,0.001,16,16,0.959538,0.941176,0.727273,0.820513,0.939193
run_lr1em03_bs16_bf32,0.001,16,32,0.942197,0.730769,0.863636,0.791667,0.908489
run_lr1em03_bs32_bf16,0.001,32,16,0.884393,0.531250,0.772727,0.629630,0.899759
run_lr1em03_bs32_bf32,0.001,32,32,0.965318,0.944444,0.772727,0.850000,0.874172
run_lr5em04_bs16_bf16,0.0005,16,16,0.907514,0.600000,0.818182,0.692308,0.922938
run_lr5em04_bs16_bf32,0.0005,16,32,0.936416,0.739130,0.772727,0.755556,0.928657
run_lr5em04_bs32_bf16,0.0005,32,16,0.658960,0.246575,0.818182,0.378947,0.897050
run_lr5em04_bs32_bf32,0.0005,32,32,0.924855,0.666667,0.818182,0.734694,0.898555
